<?xml version="1.0" encoding="utf-8"?>
<layout>
    <LinearLayout xmlns:android="http://schemas.android.com/apk/res/android" android:layout_width="match_parent"
        android:layout_height="match_parent" xmlns:app="http://schemas.android.com/apk/res-auto"
        android:orientation="vertical" android:background="@drawable/add_trip_back" xmlns:xsi="http://www.w3.org/2001/XMLSchema-instance"
        xsi:schemaLocation="http://schemas.android.com/apk/res-auto ">
        <View android:layout_width="match_parent" android:layout_height="10dp"
            android:background="@drawable/gradient_background" />


        <androidx.appcompat.widget.Toolbar android:layout_width="match_parent"
            android:layout_height="wrap_content" android:background="@drawable/gradient_background">

            <LinearLayout android:layout_width="match_parent" android:layout_height="match_parent"
                android:orientation="horizontal">


                <TextView android:id="@+id/txtToolbar" android:layout_width="match_parent"
                    android:layout_height="wrap_content" android:layout_gravity="center"
                    android:gravity="center" android:text="Configuration"
                    android:textColor="@color/white" />
            </LinearLayout>


        </androidx.appcompat.widget.Toolbar>
        <LinearLayout android:layout_width="match_parent" android:layout_height="match_parent"
            android:background="#99000000" android:orientation="vertical">

            <ScrollView android:layout_width="match_parent" android:layout_height="match_parent">
                <LinearLayout android:layout_width="match_parent" android:layout_height="match_parent"
                    android:orientation="vertical">

                    <LinearLayout android:layout_width="match_parent" android:layout_height="wrap_content"
                        android:layout_marginLeft="10dp" android:layout_marginRight="10dp"
                        android:layout_marginTop="10dp" android:gravity="center_vertical"
                        android:orientation="horizontal">
                        <LinearLayout android:layout_width="0dp" android:layout_weight="0.9"
                            android:id="@+id/llProfile" android:layout_height="wrap_content"
                            android:orientation="horizontal">

                            <com.mikhaellopez.circularimageview.CircularImageView
                                android:layout_width="60dp" android:layout_height="60dp"
                                app:civ_border_width="0dp" android:id="@+id/profileImage"
                                android:src="@drawable/profile" />

                            <!--<LinearLayout-->
                            <!--android:layout_width="match_parent"-->
                            <!--android:layout_height="wrap_content"-->
                            <!--android:gravity="center_vertical"-->
                            <!--android:layout_marginLeft="10dp"-->
                            <!--android:orientation="vertical">-->

                            <TextView android:id="@+id/txtName" android:layout_width="wrap_content"
                                android:layout_height="wrap_content" android:layout_marginLeft="10dp"
                                android:text="Gaurav" android:gravity="center"
                                android:layout_gravity="center" android:textColor="@color/white"
                                android:textSize="15sp" />
                        </LinearLayout>

                        <ImageView android:layout_width="0dp" android:layout_weight="0.1"
                            android:layout_height="20dp" android:src="@drawable/ic_keyboard_arrow_right_black_24dp"


                        />
                        <!--<android.support.v7.widget.AppCompatRatingBar-->
                        <!--android:layout_width="wrap_content"-->
                        <!--android:layout_height="wrap_content"-->
                        <!--style="@style/RatingBar"-->
                        <!--android:rating="5"/>-->
                        <!--</LinearLayout>-->
                    </LinearLayout>

                    <View android:layout_width="match_parent" android:layout_height="1dp"
                        android:background="#FFF" android:layout_marginLeft="10dp"
                        android:layout_marginRight="10dp" android:layout_marginTop="10dp" />
                    <LinearLayout android:layout_width="match_parent" android:layout_height="wrap_content"
                        android:layout_marginLeft="10dp" android:layout_marginRight="10dp"
                        android:layout_marginTop="15dp" android:gravity="center_vertical"
                        android:orientation="horizontal">
                        <LinearLayout android:layout_width="0dp" android:layout_weight="0.9"
                            android:layout_height="wrap_content" android:orientation="horizontal">

                            <ImageView android:layout_width="20dp" android:layout_height="20dp"
                                android:src="@drawable/ic_setting" />
                            <!--<LinearLayout-->
                            <!--android:layout_width="match_parent"-->
                            <!--android:layout_height="wrap_content"-->
                            <!--android:gravity="center_vertical"-->
                            <!--android:layout_marginLeft="10dp"-->
                            <!--android:orientation="vertical">-->

                            <TextView

                                android:layout_width="wrap_content" android:layout_height="wrap_content"
                                android:layout_marginLeft="10dp" android:text="@string/conf"
                                android:gravity="center" android:layout_gravity="center"
                                android:textColor="@color/white" android:textSize="15sp" />
                        </LinearLayout>

                        <ImageView android:layout_width="0dp" android:layout_weight="0.1"
                            android:layout_height="20dp" android:src="@drawable/ic_keyboard_arrow_right_black_24dp"


                        />
                        <!--<android.support.v7.widget.AppCompatRatingBar-->
                        <!--android:layout_width="wrap_content"-->
                        <!--android:layout_height="wrap_content"-->
                        <!--style="@style/RatingBar"-->
                        <!--android:rating="5"/>-->
                        <!--</LinearLayout>-->
                    </LinearLayout>
                    <View android:layout_width="match_parent" android:layout_height="1dp"
                        android:background="#FFF" android:layout_marginLeft="10dp"
                        android:layout_marginRight="10dp" android:layout_marginTop="10dp" />
                    <LinearLayout android:layout_width="match_parent" android:layout_height="wrap_content"
                        android:layout_marginLeft="10dp" android:layout_marginRight="10dp"
                        android:layout_marginTop="15dp" android:gravity="center_vertical"
                        android:orientation="horizontal">
                        <LinearLayout android:layout_width="0dp" android:layout_weight="0.9"
                            android:layout_height="wrap_content" android:orientation="horizontal">

                            <ImageView android:layout_width="20dp" android:layout_height="20dp"
                                android:src="@drawable/ic_support" />
                            <!--<LinearLayout-->
                            <!--android:layout_width="match_parent"-->
                            <!--android:layout_height="wrap_content"-->
                            <!--android:gravity="center_vertical"-->
                            <!--android:layout_marginLeft="10dp"-->
                            <!--android:orientation="vertical">-->

                            <TextView

                                android:layout_width="wrap_content" android:layout_height="wrap_content"
                                android:layout_marginLeft="10dp" android:text="@string/support"
                                android:gravity="center" android:layout_gravity="center"
                                android:textColor="@color/white" android:textSize="15sp" />
                        </LinearLayout>

                        <ImageView android:layout_width="0dp" android:layout_weight="0.1"
                            android:layout_height="20dp" android:src="@drawable/ic_keyboard_arrow_right_black_24dp"


                        />
                        <!--<android.support.v7.widget.AppCompatRatingBar-->
                        <!--android:layout_width="wrap_content"-->
                        <!--android:layout_height="wrap_content"-->
                        <!--style="@style/RatingBar"-->
                        <!--android:rating="5"/>-->
                        <!--</LinearLayout>-->
                    </LinearLayout>
                    <View android:layout_width="match_parent" android:layout_height="1dp"
                        android:background="#FFF" android:layout_marginLeft="10dp"
                        android:layout_marginRight="5dp" android:layout_marginTop="5dp" />
                    <LinearLayout android:layout_width="match_parent" android:layout_height="wrap_content"
                        android:layout_marginLeft="10dp" android:layout_marginRight="10dp"
                        android:layout_marginTop="15dp" android:gravity="center_vertical"
                        android:orientation="horizontal">
                        <LinearLayout android:layout_width="0dp" android:layout_weight="0.9"
                            android:layout_height="wrap_content" android:orientation="horizontal">

                            <ImageView android:layout_width="20dp" android:layout_height="20dp"
                                android:src="@drawable/ic_blog" />
                            <!--<LinearLayout-->
                            <!--android:layout_width="match_parent"-->
                            <!--android:layout_height="wrap_content"-->
                            <!--android:gravity="center_vertical"-->
                            <!--android:layout_marginLeft="10dp"-->
                            <!--android:orientation="vertical">-->

                            <TextView

                                android:layout_width="wrap_content" android:layout_height="wrap_content"
                                android:layout_marginLeft="10dp" android:text="@string/blog"
                                android:gravity="center" android:layout_gravity="center"
                                android:textColor="@color/white" android:textSize="15sp" />
                        </LinearLayout>

                        <ImageView android:layout_width="0dp" android:layout_weight="0.1"
                            android:layout_height="20dp" android:src="@drawable/ic_keyboard_arrow_right_black_24dp"


                        />
                        <!--<android.support.v7.widget.AppCompatRatingBar-->
                        <!--android:layout_width="wrap_content"-->
                        <!--android:layout_height="wrap_content"-->
                        <!--style="@style/RatingBar"-->
                        <!--android:rating="5"/>-->
                        <!--</LinearLayout>-->
                    </LinearLayout>
                    <View android:layout_width="match_parent" android:layout_height="1dp"
                        android:background="#FFF" android:layout_marginLeft="10dp"
                        android:layout_marginRight="10dp" android:layout_marginTop="5dp" />


                    <LinearLayout android:layout_width="match_parent" android:layout_height="wrap_content"
                        android:layout_marginLeft="10dp" android:layout_marginRight="10dp"
                        android:layout_marginTop="15dp" android:gravity="center_vertical"
                        android:orientation="horizontal">
                        <LinearLayout android:layout_width="0dp" android:layout_weight="0.9"
                            android:layout_height="wrap_content" android:orientation="horizontal">

                            <ImageView android:layout_width="20dp" android:layout_height="20dp"
                                android:src="@drawable/ic_faq" />
                            <!--<LinearLayout-->
                            <!--android:layout_width="match_parent"-->
                            <!--android:layout_height="wrap_content"-->
                            <!--android:gravity="center_vertical"-->
                            <!--android:layout_marginLeft="10dp"-->
                            <!--android:orientation="vertical">-->

                            <TextView

                                android:layout_width="wrap_content" android:layout_height="wrap_content"
                                android:layout_marginLeft="10dp" android:text="@string/faq"
                                android:gravity="center" android:layout_gravity="center"
                                android:textColor="@color/white" android:textSize="15sp" />
                        </LinearLayout>

                        <ImageView android:layout_width="0dp" android:layout_weight="0.1"
                            android:layout_height="20dp" android:src="@drawable/ic_keyboard_arrow_right_black_24dp"


                        />
                        <!--<android.support.v7.widget.AppCompatRatingBar-->
                        <!--android:layout_width="wrap_content"-->
                        <!--android:layout_height="wrap_content"-->
                        <!--style="@style/RatingBar"-->
                        <!--android:rating="5"/>-->
                        <!--</LinearLayout>-->
                    </LinearLayout>
                    <View android:layout_width="match_parent" android:layout_height="1dp"
                        android:background="#FFF" android:layout_marginLeft="10dp"
                        android:layout_marginRight="10dp" android:layout_marginTop="10dp" />
                    <LinearLayout android:layout_width="match_parent" android:layout_height="wrap_content"
                        android:layout_marginLeft="10dp" android:layout_marginRight="10dp"
                        android:layout_marginTop="15dp" android:gravity="center_vertical"
                        android:orientation="horizontal">
                        <LinearLayout android:layout_width="0dp" android:layout_weight="0.9"
                            android:layout_height="wrap_content" android:orientation="horizontal">

                            <ImageView android:layout_width="20dp" android:layout_height="20dp"
                                android:src="@drawable/ic_telephone" />
                            <!--<LinearLayout-->
                            <!--android:layout_width="match_parent"-->
                            <!--android:layout_height="wrap_content"-->
                            <!--android:gravity="center_vertical"-->
                            <!--android:layout_marginLeft="10dp"-->
                            <!--android:orientation="vertical">-->

                            <TextView

                                android:layout_width="wrap_content" android:layout_height="wrap_content"
                                android:layout_marginLeft="10dp" android:text="@string/contact"
                                android:gravity="center" android:layout_gravity="center"
                                android:textColor="@color/white" android:textSize="15sp" />
                        </LinearLayout>

                        <ImageView android:layout_width="0dp" android:layout_weight="0.1"
                            android:layout_height="20dp" android:src="@drawable/ic_keyboard_arrow_right_black_24dp"


                        />
                        <!--<android.support.v7.widget.AppCompatRatingBar-->
                        <!--android:layout_width="wrap_content"-->
                        <!--android:layout_height="wrap_content"-->
                        <!--style="@style/RatingBar"-->
                        <!--android:rating="5"/>-->
                        <!--</LinearLayout>-->
                    </LinearLayout>
                    <View android:layout_width="match_parent" android:layout_height="1dp"
                        android:background="#FFF" android:layout_marginLeft="10dp"
                        android:layout_marginRight="10dp" android:layout_marginTop="5dp" />

                    <LinearLayout android:layout_width="match_parent" android:layout_height="wrap_content"
                        android:layout_marginLeft="10dp" android:layout_marginRight="10dp"
                        android:layout_marginTop="15dp" android:gravity="center_vertical"
                        android:orientation="horizontal">
                        <LinearLayout android:layout_width="0dp" android:layout_weight="0.9"
                            android:layout_height="wrap_content" android:orientation="horizontal">

                            <ImageView android:layout_width="20dp" android:layout_height="20dp"
                                android:src="@drawable/ic_lock_outline_black_24dp" />
                            <!--<LinearLayout-->
                            <!--android:layout_width="match_parent"-->
                            <!--android:layout_height="wrap_content"-->
                            <!--android:gravity="center_vertical"-->
                            <!--android:layout_marginLeft="10dp"-->
                            <!--android:orientation="vertical">-->

                            <TextView

                                android:layout_width="wrap_content" android:layout_height="wrap_content"
                                android:layout_marginLeft="10dp" android:text="@string/privacy"
                                android:gravity="center" android:layout_gravity="center"
                                android:textColor="@color/white" android:textSize="15sp" />
                        </LinearLayout>

                        <ImageView android:layout_width="0dp" android:layout_weight="0.1"
                            android:layout_height="20dp" android:src="@drawable/ic_keyboard_arrow_right_black_24dp"


                        />
                        <!--<android.support.v7.widget.AppCompatRatingBar-->
                        <!--android:layout_width="wrap_content"-->
                        <!--android:layout_height="wrap_content"-->
                        <!--style="@style/RatingBar"-->
                        <!--android:rating="5"/>-->
                        <!--</LinearLayout>-->
                    </LinearLayout>
                    <View android:layout_width="match_parent" android:layout_height="1dp"
                        android:background="#FFF" android:layout_marginLeft="10dp"
                        android:layout_marginRight="10dp" android:layout_marginTop="10dp" />

                    <LinearLayout android:layout_width="match_parent" android:layout_height="wrap_content"
                        android:layout_marginLeft="10dp" android:layout_marginRight="10dp"
                        android:layout_marginTop="15dp" android:gravity="center_vertical"
                        android:orientation="horizontal">
                        <LinearLayout android:layout_width="0dp" android:layout_weight="0.9"
                            android:layout_height="wrap_content" android:orientation="horizontal">

                            <ImageView android:layout_width="20dp" android:layout_height="20dp"
                                android:src="@drawable/ic_content_copy_black_24dp" />
                            <!--<LinearLayout-->
                            <!--android:layout_width="match_parent"-->
                            <!--android:layout_height="wrap_content"-->
                            <!--android:gravity="center_vertical"-->
                            <!--android:layout_marginLeft="10dp"-->
                            <!--android:orientation="vertical">-->

                            <TextView

                                android:layout_width="wrap_content" android:layout_height="wrap_content"
                                android:layout_marginLeft="10dp" android:text="@string/terms_condition"
                                android:gravity="center" android:layout_gravity="center"
                                android:textColor="@color/white" android:textSize="15sp" />
                        </LinearLayout>

                        <ImageView android:layout_width="0dp" android:layout_weight="0.1"
                            android:layout_height="20dp" android:src="@drawable/ic_keyboard_arrow_right_black_24dp"


                        />
                        <!--<android.support.v7.widget.AppCompatRatingBar-->
                        <!--android:layout_width="wrap_content"-->
                        <!--android:layout_height="wrap_content"-->
                        <!--style="@style/RatingBar"-->
                        <!--android:rating="5"/>-->
                        <!--</LinearLayout>-->
                    </LinearLayout>
                    <View android:layout_width="match_parent" android:layout_height="1dp"
                        android:background="#FFF" android:layout_marginLeft="10dp"
                        android:layout_marginRight="10dp" android:layout_marginTop="5dp" />
                    <LinearLayout android:layout_width="match_parent" android:layout_height="wrap_content"
                        android:layout_marginLeft="10dp" android:layout_marginRight="10dp"
                        android:layout_marginTop="15dp" android:gravity="center_vertical"
                        android:orientation="horizontal">
                        <LinearLayout android:layout_width="0dp" android:layout_weight="0.9"
                            android:layout_height="wrap_content" android:orientation="horizontal">

                            <ImageView android:layout_width="20dp" android:layout_height="20dp"
                                android:src="@drawable/ic_logout" />
                            <!--<LinearLayout-->
                            <!--android:layout_width="match_parent"-->
                            <!--android:layout_height="wrap_content"-->
                            <!--android:gravity="center_vertical"-->
                            <!--android:layout_marginLeft="10dp"-->
                            <!--android:orientation="vertical">-->

                            <TextView

                                android:layout_width="wrap_content" android:layout_height="wrap_content"
                                android:layout_marginLeft="10dp" android:text="@string/logout"
                                android:gravity="center" android:layout_gravity="center" android:id="@+id/txtLogout"
                                android:textColor="@color/white" android:textSize="15sp" />
                        </LinearLayout>

                        <ImageView android:layout_width="0dp" android:layout_weight="0.1"
                            android:layout_height="20dp" android:src="@drawable/ic_keyboard_arrow_right_black_24dp"


                        />
                        <!--<android.support.v7.widget.AppCompatRatingBar-->
                        <!--android:layout_width="wrap_content"-->
                        <!--android:layout_height="wrap_content"-->
                        <!--style="@style/RatingBar"-->
                        <!--android:rating="5"/>-->
                        <!--</LinearLayout>-->
                    </LinearLayout>
                    <View android:layout_width="match_parent" android:layout_height="1dp"
                        android:background="#FFF" android:layout_marginLeft="10dp"
                        android:layout_marginRight="10dp" android:layout_marginTop="5dp" />

                    <androidx.legacy.widget.Space android:layout_width="match_parent"
                        android:layout_height="20dp" />
                </LinearLayout>
            </ScrollView>


        </LinearLayout>

    </LinearLayout>
</layout>